stasiun,x_cm,lebar_cm,tinggi_cm,luas_cm2
4,0.0,70.0,75.0,5250.0
5,20.0,75.0,85.0,6375.0
6,40.0,75.0,90.0,6750.0
7,60.0,80.0,95.0,7600.0
8,80.0,85.0,100.0,8500.0
9,100.0,85.0,105.0,8925.0
10,120.0,85.0,105.0,8925.0
11,140.0,85.0,105.0,8925.0
12,160.0,85.0,105.0,8925.0
13,180.0,85.0,105.0,8925.0
14,200.0,85.0,105.0,8925.0
15,220.0,85.0,105.0,8925.0
16,240.0,85.0,105.0,8925.0
17,260.0,85.0,105.0,8925.0
18,280.0,85.0,105.0,8925.0
19,300.0,85.0,105.0,8925.0
20,320.0,85.0,105.0,8925.0
21,340.0,85.0,105.0,8925.0
22,360.0,85.0,105.0,8925.0
23,380.0,85.0,105.0,8925.0
24,400.0,85.0,105.0,8925.0
25,420.0,85.0,105.0,8925.0
26,440.0,85.0,105.0,8925.0
27,460.0,85.0,105.0,8925.0
28,480.0,85.0,105.0,8925.0
29,500.0,85.0,105.0,8925.0
30,520.0,80.0,105.0,8400.0
31,540.0,75.0,105.0,7875.0
32,560.0,75.0,105.0,7875.0
33,580.0,70.0,105.0,7350.0
34,600.0,65.0,105.0,6825.0
35,620.0,60.0,105.0,6300.0
36,640.0,50.0,105.0,5250.0
